{
  "resources": [
    "mygameaudio.ogg",
    "mygameaudio.m4a",
    "mygameaudio.mp3",
    "mygameaudio.ac3"
  ],
  "spritemap": {
    "bush-enter": {
      "start": 0,
      "end": 0.809795918367347,
      "loop": false
    },
    "bush-out": {
      "start": 2,
      "end": 2.8620408163265307,
      "loop": false
    },
    "caught-axie": {
      "start": 4,
      "end": 5.802448979591837,
      "loop": false
    },
    "enter-object": {
      "start": 7,
      "end": 7.391836734693878,
      "loop": false
    },
    "enter-pokie-machine": {
      "start": 9,
      "end": 9.548571428571428,
      "loop": false
    },
    "footstep": {
      "start": 11,
      "end": 13.063673469387755,
      "loop": false
    },
    "found-axie": {
      "start": 15,
      "end": 15.914285714285715,
      "loop": false
    },
    "meet-npc": {
      "start": 17,
      "end": 17.39183673469388,
      "loop": false
    },
    "open-pokie-dex": {
      "start": 19,
      "end": 19.86204081632653,
      "loop": false
    },
    "opened-chest": {
      "start": 21,
      "end": 21.914285714285715,
      "loop": false
    },
    "opening-chest": {
      "start": 23,
      "end": 23.99265306122449,
      "loop": false
    },
    "run": {
      "start": 25,
      "end": 25.75755102040816,
      "loop": false
    }
  }
}